<?xml version="1.0" encoding="UTF-8"?>
<beans xmlns="http://www.springframework.org/schema/beans"
	xmlns:xsi="http://www.w3.org/2001/XMLSchema-instance"
	xmlns:context="http://www.springframework.org/schema/context"
	xsi:schemaLocation="http://www.springframework.org/schema/beans http://www.springframework.org/schema/beans/spring-beans.xsd
		http://www.springframework.org/schema/context http://www.springframework.org/schema/context/spring-context-4.3.xsd">

	<bean id="log" class="Annotations.Logger"></bean>
	
	<bean id="cw" class="Annotations.ConsoleWriter">
		
	<qualifier value="cwq"></qualifier>
	</bean>

	<bean id="cw2" class="Annotations.ConsoleWriter">
		
	</bean>



//to do autowire Annotation we need to add namespace then go to context insert <context:annotation-config>
	<bean id="fw" class="Annotations.FileWriter"></bean>
	<context:annotation-config></context:annotation-config>
	<bean id="fw2" class="Annotations.FileWriter"></bean>
	
</beans>
